relation_id,reason_code,candidate_family,would_be_unsound_if_counted,predicate_id
AR,rename_touches_request_slice,NEG:rename_request_principal,yes,pred_NEG_rename_touches_requested_principal
DD,reachable_rule_or_decision_change_in_default_deny_candidate,NEG:reachable_allow,yes,pred_NEG_reachable_allow_changes_decision_boundary
DO,missing_matching_added_deny_or_bad_decision,NEG:nonmatching_deny,yes,pred_NEG_nonmatching_deny_does_not_dominate
HC,request_role_closure_changed,NEG:reverse_hierarchy,yes,pred_NEG_reversed_parent_relation
HR,refactoring_not_closure_preserving,NEG:missing_child_inheritance,yes,pred_NEG_refactor_missing_inheritance_edge
ID,not_semantic_duplicate_or_decision_changed,NEG:duplicate_changed_effect,yes,pred_NEG_duplicate_not_semantically_identical
PA,principal_closure_not_superset_or_deny_interference,NEG:pa_deny_interference,yes,pred_NEG_principal_monotonicity_deny_interference
SM,target_scope_assignment_lost_or_decision_changed,NEG:scope_split_missing_assignment,yes,pred_NEG_scope_split_not_equivalent
SR,removed_allow_not_shadowed,NEG:unshadowed_remove,yes,pred_NEG_unshadowed_allow_removed
